{
    "products": [
        1,
        2,
        3,
        4
    ],
    "machines": [
        1,
        2,
        3
    ],
    "periods": [
        1,
        2
    ],
    "cells": [
        1,
        2
    ],
    "operations": [
        [
            7,
            7,
            7
        ],
        [
            12,
            12,
            12
        ],
        [
            4,
            4,
            4
        ],
        [
            0,
            0,
            0
        ],
        [
            0,
            0,
            0
        ],
        [
            5,
            5,
            5
        ],
        [
            0,
            0,
            0
        ],
        [
            9,
            9,
            9
        ],
        [
            4.6,
            4.6,
            4.6
        ],
        [
            8,
            8,
            8
        ],
        [
            0,
            0,
            0
        ],
        [
            0,
            0,
            0
        ]
    ],
    "machineN": [
        1,
        2,
        3,
        4,
        5,
        6,
        7
    ],
    "subcontractors": [
        1,
        2,
        3,
        4
    ],
    "params": {
        "P1": {
            "moyenne": [
                99,
                90
            ],
            "ecart_type": 10
        },
        "P2": {
            "moyenne": [
                56,
                42
            ],
            "ecart_type": 7
        },
        "P3": {
            "moyenne": [
                77,
                80
            ],
            "ecart_type": 15
        },
        "P4": {
            "moyenne": [
                187,
                188
            ],
            "ecart_type": 3
        }
    },
    "MC": [
        100,
        150,
        75
    ],
    "set_cost": [
        100,
        140,
        200
    ],
    "big_m": 10000000,
    "hold_cost": [
        4,
        3.5,
        3,
        2.4
    ],
    "intr_cost": [
        3,
        5,
        4,
        7
    ],
    "inter_cost": [
        2,
        6,
        4,
        6
    ],
    "sub_capacity": [
        100,
        50,
        60,
        120
    ],
    "pdef": [
        [
            20,
            0
        ],
        [
            30,
            0
        ],
        [
            45,
            0
        ],
        [
            60,
            0
        ]
    ],
    "tlot": [
        15,
        10,
        8,
        15
    ],
    "sal_cost": [
        6800,
        10200,
        6000
    ],
    "mcost": [
        8000,
        12000,
        7500
    ],
    "sub_cost": [
        50,
        14,
        20,
        18
    ],
    "CL": 30,
    "LP": 0,
    "INT": [
        5,
        7,
        4
    ],
    "mcim": [
        [
            1,
            1,
            1
        ],
        [
            0,
            0,
            1
        ],
        [
            0,
            1,
            1
        ],
        [
            1,
            0,
            0
        ]
    ]
}